QuorumID,NoteStartDate,InteractionType,Text,Topic,Stakeholder,AttendeesOrViews,ZipCode,CreatorFirstName,CreatorLastName,Organizations,extracted_zip,latitude,longitude
13790460,May 16 2026,Meeting,Meeting with Valerie to discuss potential CDI partnership,CDI Overview; Partnership Initiative,Community Based Organization,1,93621,Richie,Sayavong,Valerie Jasso Gorospe,93621,36.7446,-119.0899
13788900,May 14 2026,Presentation,Ventura Beach Marriott Real Estate Summit session,Safer from Wildfires; Sustainable Insurance Strategy,Other,1,93001,Brenda,Caloca,Ventura County Coastal Association of REALTORS,93001,34.3308,-119.3584
13791119,May 14 2026,Presentation,Presentation,Sustainable Insurance Strategy; Safer from Wildfires; Legislation; Homeowners,Government Agencies,1,95667,Durriya,Syed,Fort Jim Fire Safe Council,95667,38.7195,-120.8046
13790201,May 12 2026,Presentation,Provided public comment during city council meeting,Legislation,City,1,93610,Richie,Sayavong,Chowchilla,93610,37.1014,-120.2691
100194439,,Meeting,Meeting for update on SIS,Sustainable Insurance Strategy ,Community Based Organization,1,93940,Richie,Sayavong,,93940,36.5802,-121.8443
69511169,,Presentation,,"Sustainable Insurance Strategy , Safer from Wildfires, Legislation, Insurance Issues",Community Based Organization,1,95945,Durriya,Syed,Orchard Springs Firewise,95945,39.2081,-121.0069
145660958,,Meeting,Meeting with Valerie to discuss potential CDI partnership for future events,"CDI Overview, Partnership Initiative",Community Based Organization,1,93621,Richie,Sayavong,,93621,36.7446,-119.0899
125551331,,Meeting,Shared flyers for future distribution with Diane Ross,"Homeowners, Legislation, Safer from Wildfires, Sustainable Insurance Strategy ",County,1,95762,Durriya,Syed,Serrano Fire Safe Council,95762,38.685,-121.068
59643780,,Meeting,Talked to Aurora in great detail regarding all the insurance issues. She is the broker for the surplus lines and for the Fair plan.,"Homeowners, Legislation, Safer from Wildfires, Sustainable Insurance Strategy ",Other,1,95762,Durriya,Syed,California FAIR Plan,95762,38.685,-121.068
146533426,,Presentation,Bill Osgood -  720-480-5078,"Insurance Issues, Safer from Wildfires, Sustainable Insurance Strategy , Legislation",County,45,95762,Durriya,Syed,SERRANO HOMEOWNERS ASSOCIATION,95762,38.685,-121.068
146533240,,Meeting,He was the MC - we talked about few issues during and after the presentation,"Homeowners, Safer from Wildfires, Sustainable Insurance Strategy ",County,1,95667,Durriya,Syed,Rancho del Sol FSC,95667,38.7195,-120.8046
60096671,,Presentation,,"Homeowners, Insurance Issues, Legislation, Safer from Wildfires, Senior, Sustainable Insurance Strategy ",County,55,95667,Durriya,Syed,Fort Jim Fire Safe Council,95667,38.7195,-120.8046
125551338,,Presentation,"Linda Pietraczyk  Chair, Four Seasons Firewise Committee  (916) 765-1392 (cell)","CDI Overview, Emergency Preparedness, Homeowners, Insurance Issues, Safer from Wildfires, Sustainable Insurance Strategy , Legislation, Auto, CLCA",County,1,95762,Durriya,Syed,Four Seasons HOA,95762,38.685,-121.068
146479544,,Planning Meeting,,"Insurance Issues, Safer from Wildfires, Sustainable Insurance Strategy ",County,1,95762,Durriya,Syed,,95762,38.685,-121.068
146562767,,Sent/ Delivered Materials,,CLCA,City,1,95661,Ricardo,Ortiz,"Laguna Woods, California",95661,38.7346,-121.234
145595847,,Meeting,This is a workforce center for all ages in Roseville. They had some CLCA postcards but took more (100) and 50 Senioer Gateway postcards. She will call me to present to their groups.,"CLCA, Senior",Government Agencies,1,95661,Durriya,Syed,Golden Sierra,95661,38.7346,-121.234
145629711,,Meeting,"Talked to Aaron Owen VP for Rotary. Will email him the info about Homeowner's insurance, CLCA and SG. He is planning to invite me as a speaker.","CLCA, CDI Overview, Homeowners, Legislation, Senior, Safer from Wildfires, Sustainable Insurance Strategy ",Community Based Organization,1,95765,Durriya,Syed,South Placer Rotary,95765,38.8136,-121.2677
144810780,,Meeting,Shared CDI programs - she was really interested. Will ask the respective Outreach Laision to send a follow up email.,"CLCA, Homeowners, Insurance Issues, Legislation, Safer from Wildfires, Senior, Sustainable Insurance Strategy ",City,1,90265,Durriya,Syed,City of Malibu,90265,34.0402,-118.7351
140969145,,Virtual Presentation,Legislative Brief,"CLCA, Senior, Safer from Wildfires, Sustainable Insurance Strategy ",County,1,95603,Durriya,Syed,Placer County,95603,38.9115,-121.08
140976439,,Meeting,Virtual,Legislation,Congress,1,95060,Richie,Sayavong,,95060,37.0313,-122.1198
55491852,,Virtual Presentation,Shared Legislative update - she will share it with the Supervisor and will put it in the news letter. Also sent a follow up email on 2/24 with the fact sheet and other links.,"CLCA, CDI Overview, Legislation, Safer from Wildfires, Sustainable Insurance Strategy , Senior",County,1,95603,Durriya,Syed,Placer County,95603,38.9115,-121.08
80323503,,Virtual Presentation,"Prep for meeting in March - we talked for a while, exchanging insurance concerns","Safer from Wildfires, Sustainable Insurance Strategy , Insurance Issues, CLCA",Other,1,95747,Durriya,Syed,Sun City Roseville Democrats Club,95747,38.7703,-121.3372
138947717,,Sent/ Delivered Materials,,CLCA,Community Based Organization,1,95619,Amy,Nungaray,,95619,38.6865,-120.8145
61762705,,Networking Event,,Senior,Other,1,95747,Durriya,Syed,,95747,38.7703,-121.3372
,,Meeting,SS- Leg Update w/ City of Fairfax,"Legislation, Sustainable Insurance Strategy , Insurance Issues",City,3,94930,Sharon,Smith,"Fairfax, California",94930,37.9883,-122.5937
,,Virtual Meeting,SS-Larkspur City Council Public Comment Virtual (Public),"Legislation, Sustainable Insurance Strategy ",City,20,94939,Sharon,Smith,Larkspur City Council,94939,37.9367,-122.5362
,,Networking Event,SS- Novato Senior Health & Resource Fair (Public),"Legislation, Sustainable Insurance Strategy ",Community Based Organization,25,94945,Sharon,Smith,"Novato, California",94945,38.1163,-122.5714
,,Presentation,"Ventura County Coastal Association of Realtors (VCCAR), I would like to invite the Department to participate as a panelist at our 2026 Real Estate Summit on Thursday, May 14 at the Ventura Beach Marriott from 9:00 a.m. to 5:30 p.m.  One of our featured sessions will focus on wildfire prevention, home hardening strategies, and the evolving landscape of local and state policies related to wildfire resilience. As these issues continue to shape the future of housing and development in Ventura County, we are bringing together experts who can provide both practical guidance and policy insight.  The audience will include real estate professionals, community leaders, and policymakers who are deeply interested in understanding how wildfire-related challenges and regulations are impacting the housing market.","Safer from Wildfires, Sustainable Insurance Strategy ",Other,1,93001,Brenda,Caloca,Ventura County Coastal Association of REALTORS,93001,34.3308,-119.3584
,,Meeting,,"Legislation, Safer from Wildfires, Sustainable Insurance Strategy , Insurance Issues",County,1,95667,Durriya,Syed,Camino Fire Safe Council,95667,38.7195,-120.8046
,,Virtual Presentation,Provide public comment on legislative updates during city council meeting,Legislation,City,1,93930,Richie,Sayavong,"King City, California",93930,36.2028,-121.1273
,,Presentation,Provided public comment during city council meeting for legislative updates,Legislation,City,1,93610,Richie,Sayavong,"Chowchilla, California",93610,37.1014,-120.2691
,,Sent/ Delivered Materials,,CLCA,City,1,95661,Ricardo,Ortiz,"Laguna Woods, California",95661,38.7346,-121.234
,,Meeting,Need to email SG and CLCA electronically so they can put in their Newsletter,"CLCA, Senior",County,1,95603,Durriya,Syed,Placer county Library Auburn,95603,38.9115,-121.08
,,Meeting,Shared CLCA and SG. They offered to put it on their bulletin board.,"CLCA, Senior",Other,1,95765,Durriya,Syed,Save Mart,95765,38.8136,-121.2677
,,Planning Meeting,Planning meeting to discuss upcoming webinar on May 28th for Santa Cruz County,"Legislation, Sustainable Insurance Strategy ",County,1,95060,Richie,Sayavong,"Santa Cruz County, California",95060,37.0313,-122.1198
,,Meeting,Shared info. I will send an email.,"CLCA, Emergency Preparedness, Homeowners, Insurance Issues, Legislation, Safer from Wildfires, Senior, Sustainable Insurance Strategy ",City,1,95540,Durriya,Syed,"Fortuna, California",95540,40.5835,-124.1473
,,Meeting,Met with Sierra Resource Conservation District discussing CDI's legislative package,Legislation,Community Based Organization,1,93614,Richie,Sayavong,Sierra Resource Conservation District,93614,37.2214,-119.7455
,,Presentation,"2037 W Cleveland Ave  Madera, CA 93637",CLCA,Other,1,93637,Richie,Sayavong,Workforce Development Board of Madera County,93637,36.9403,-120.082
,,Presentation,"Presented CLCA and talked about CDI services, workers were being laid off from Ardagh Group",CLCA,Other,1,93637,Richie,Sayavong,Workforce Development Board of Madera County,93637,36.9403,-120.082
,,Presentation,Presented CLCA and CDI services for Ardagh Group employees that have been laid off,CLCA,Other,26,93637,Richie,Sayavong,Workforce Development Board of Madera County,93637,36.9403,-120.082
,,Meeting,Met with Councilmember Garcia to discuss legislative package for CDI as well as future collaboration on events.,"Legislation, Insurance Issues",City,1,93955,Richie,Sayavong,,93955,36.6217,-121.7935
,,Meeting,Met with Supervisor Poythress to discuss legislative package for CDI as well as future collaboration on events.,"Insurance Issues, Legislation",County,1,93637,Richie,Sayavong,,93637,36.9403,-120.082
,,Networking Event,"Palisades Fire Commemoration: Finding Strength in Community  Time: 4 to 6PM  Location: Malibu City Hall  The commemoration event will include a formal program from 4 to 5:30 p.m. featuring a native Chumash blessing and a moment of silence for three Malibu community members who lost their lives in the fire. Malibu Poet Laurate Charlotte Ward will present a remembrance poem written for the occasion. A reception will follow with light refreshments, a memorial space and an art gallery honoring first responders and community members.",CDI Overview,Government Agencies,200,90265,Brenda,Caloca,City of Malibu,90265,34.0402,-118.7351
,"July 30, 2026, 9:10 AM PDT",Meeting,,CDI Overview,City,1,93001,Zuleimy,Delgadillo,"Ventura County, California",93001,34.3308,-119.3584
,"July 24, 2026, 11:45 AM PDT",Meeting,"Meeting to discuss potential CDI partnership and presentations, requesting materials","CDI Overview, CLCA, Senior, Residential",Community Based Organization,1,93960,Richie,Sayavong,Soledad Family Resource Center,93960,,
,"July 24, 2026, 10:15 AM PDT",Meeting,Meeting to discuss potential CDI partnership and presentations,"CDI Overview, CLCA, Senior",Community Based Organization,1,93960,Richie,Sayavong,Soledad Community Health Care District Foundation,93960,,
,"July 24, 2026, 9:30 AM PDT",Meeting,"Meeting to discuss potential CDI partnership and presentations, interested in senior and teen driving presentations","CDI Overview, CLCA, Senior",Community Based Organization,1,93960,Richie,Sayavong,Soledad Community Center,93960,,
,"July 24, 2026, 9:00 AM PDT",Meeting,Meeting to discuss potential CDI partnership and presentations,"CLCA, CDI Overview, Health, Partnership Initiative",Community Based Organization,1,93960,Richie,Sayavong,Sun Street Centers,93960,,
,"July 23, 2026, 11:58 PM PDT",Virtual Presentation,"Met with Joseph Ruise, natural resource assistant manager. Coordinating SIS presentation to their tribal community.","Safer from Wildfires, Sustainable Insurance Strategy ",Government Agencies,1,92061,Yolanda,Diaz,LA JOLLA BAND OF LUISENO INDIANS,92061,,
,"July 23, 2026, 4:15 PM PDT",Meeting,Meeting to discuss CDI resources and potential partnership for events,"CDI Overview, Homeowners, Emergency Preparedness, Sustainable Insurance Strategy ",Community Based Organization,1,93940,Richie,Sayavong,Monterey Firefighters Community Foundation,93940,36.5802,-121.8443
,"July 23, 2026, 3:45 PM PDT",Meeting,Meeting to discuss CDI resources and potential partnership for events,"CDI Overview, Business, Sustainable Insurance Strategy ",Community Based Organization,1,93940,Richie,Sayavong,Monterey Peninsula Chamber of Commerce,93940,36.5802,-121.8443
,"July 23, 2026, 3:15 PM PDT",Meeting,Meeting to discuss CDI resources and potential partnership for events,"CDI Overview, CLCA, Senior",Community Based Organization,15,93940,Richie,Sayavong,American Legion Post 41 Monterey Peninsula,93940,36.5802,-121.8443
,"July 23, 2026, 2:30 PM PDT",Meeting,Meeting to discuss CDI resources and potential partnership for events,"CDI Overview, CLCA, Health",Community Based Organization,1,93940,Richie,Sayavong,Community Human Services - Monterey,93940,36.5802,-121.8443
,"July 23, 2026, 2:00 PM PDT",Meeting,Meeting to discuss CDI resources and potential partnership for events,"CDI Overview, Emergency Preparedness, Insurance Issues, Homeowners, Residential, Sustainable Insurance Strategy ",Community Based Organization,1,93940,Richie,Sayavong,Community Emergency Response Volunteers,93940,36.5802,-121.8443
,"July 22, 2026, 2:00 PM PDT",Meeting,"Meeting to discuss CDI resources, and potential partnership and presentations","CLCA, CDI Overview",Community Based Organization,1,93950,Richie,Sayavong,Food Bank for Monterey County,93950,,
,"July 22, 2026, 10:00 AM PDT",Meeting,"Meeting to discuss CDI resources, and potential partnership and presentations","CDI Overview, CLCA, Insurance Issues",Community Based Organization,1,93950,Richie,Sayavong,The Bridge Restoration Ministry,93950,,
,"July 22, 2026, 9:30 AM PDT",Meeting,"Meeting to discuss CDI resources, and potential partnership and presentations","CDI Overview, Business",Community Based Organization,2,93950,Richie,Sayavong,Pacific Grove Chamber of Commerce,93950,,
,"July 22, 2026, 9:00 AM PDT",Meeting,"Meeting to discuss CDI resources, and potential partnership and presentations","CDI Overview, CLCA, Senior",Community Based Organization,3,93950,Richie,Sayavong,Meals on Wheels Community Center,93950,,
,"July 22, 2026, 7:30 AM PDT",Meeting,"Meeting to discuss CDI resources, and potential partnership and presentations","CDI Overview, CLCA, Senior",Community Based Organization,6,93940,Richie,Sayavong,Kiwanis Club of Pacific Grove,93940,36.5802,-121.8443
150889140,"July 16, 2026, 11:47 PM PDT",Meeting,Placer County Democratic Party,"Emergency Preparedness, Homeowners, Insurance Issues, Sustainable Insurance Strategy , Safer from Wildfires",Other,1,95661,Durriya,Syed,,95661,38.7346,-121.234
,"July 16, 2026, 8:34 PM PDT",Meeting,,"Emergency Preparedness, Sustainable Insurance Strategy , Safer from Wildfires",Community Based Organization,1,95614,Durriya,Syed,Placer OES,95614,,
,"July 16, 2026, 5:09 PM PDT",Virtual Presentation,Meeting to discuss potential CDI partnership and presentations,"CDI Overview, CLCA, Senior",Community Based Organization,1,93610,Richie,Sayavong,Chowchilla Senior Center,93610,37.1014,-120.2691
,"July 16, 2026, 5:00 PM PDT",Presentation,DS - Wildfire Presentation at Auburn Lake Trails Met Tanya with OES,"Emergency Preparedness, Sustainable Insurance Strategy , Safer from Wildfires",Government Agencies,1,95614,Durriya,Syed,Auburn Lake Trails Fire Safety Council,95614,,
,"July 16, 2026, 2:30 PM PDT",Meeting,Meeting to discuss potential CDI partnership and presentations,"CDI Overview, Business, CLCA, Insurance Issues, Homeowners",Community Based Organization,1,93610,Richie,Sayavong,Chowchilla Dist. Chamber of Commerce,93610,37.1014,-120.2691
,"July 16, 2026, 2:00 PM PDT",Meeting,Meeting to discuss potential CDI partnership and presentations,"CLCA, CDI Overview, Senior",Community Based Organization,1,93610,Richie,Sayavong,Veterans of Foreign Wars Post 9896,93610,37.1014,-120.2691
,"July 16, 2026, 1:30 PM PDT",Meeting,Meeting to discuss potential CDI partnership and presentations,"CDI Overview, CLCA, Senior",County,1,93610,Richie,Sayavong,Chowchilla Branch Library,93610,37.1014,-120.2691
,"July 16, 2026, 11:30 AM PDT",Meeting,Meeting to discuss potential CDI partnership and presentations,"CLCA, CDI Overview, Business, Fraud, Residential",Community Based Organization,1,93637,Richie,Sayavong,Madera Elks Lodge 1918,93637,36.9403,-120.082
,"July 16, 2026, 9:30 AM PDT",Meeting,Meeting to discuss potential CDI partnership and presentations,"CLCA, CDI Overview, Senior",Community Based Organization,1,93637,Richie,Sayavong,Community Action Partnership of Madera County,93637,36.9403,-120.082
60096671,"July 15, 2026, 8:55 AM PDT",Sent/ Delivered Materials,,"Emergency Preparedness, Sustainable Insurance Strategy , Safer from Wildfires",Community Based Organization,1,95667,Durriya,Syed,Fort Jim Fire Safe Council,95667,38.7195,-120.8046
,"July 14, 2026, 2:00 AM PDT",Meeting,Meeting to provide an overview of CDI and discuss opportunities we can collaborate.,CDI Overview,Other,1,95470,Brenda,Caloca,Coyote Valley Band of Pomo Indians,95470,,
,"July 13, 2026, 5:00 PM PDT",Virtual Presentation,Virtual presentation of SIS during FSC meeting,Sustainable Insurance Strategy ,Community Based Organization,1,93940,Richie,Sayavong,Fire Safe Council For Monterey County,93940,36.5802,-121.8443
,"July 13, 2026, 11:00 AM PDT",Meeting,"Met Nohemi and shared SFW, SIS, Top ten tips and CLCA","CLCA, Safer from Wildfires, Sustainable Insurance Strategy ",County,1,96161,Durriya,Syed,Public Health Department (Nevada County),96161,,
,"July 11, 2026, 7:00 AM PDT",Tabling/ Resource Booth,Tabling from 8:00 AM - 12:00 PM. Went at 7:00 AM and was back 1:00 PM.,"Emergency Preparedness, Fire Recovery, Homeowners, Safer from Wildfires, Sustainable Insurance Strategy ",County,1,95603,Durriya,Syed,Placer County Fire,95603,38.9115,-121.08
,"July 10, 2026, 11:00 PM PDT",Meeting,Met staffer - Cheryl Dean will follow with the folder I left. Shared 100 CLCA cards,CLCA,County,1,95682,Durriya,Syed,Eldorado County Library (Cameron Park),95682,,
,"July 10, 2026, 10:00 AM PDT",Meeting,Met Erin - Comeron Park Community Services District and talked about all our community programs. Left 100 CLCA cards,"Emergency Preparedness, Insurance Issues, Safer from Wildfires, Sustainable Insurance Strategy ",City,1,95682,Durriya,Syed,Cameron Park Community Services,95682,,
,"July 9, 2026, 6:30 PM PDT",Town Hall - In-Person,"Lineage Fire Townhall-- (Boyle Heights Fire) City officials Karen Bass, LA County Supervisor Hilda Solis, city council Jurado district 14, I attended to listen and network.","CDI Overview, CLCA",Community Based Organization,1,90063,Estela,Felix Almeida,CITY OF LOS ANGELES,90063,,
60241422; 125551245,"July 9, 2026, 10:30 AM PDT",Presentation,"Met with Maria and Erin and their team answered all their questions - dropped 100 flyers for Top ten tips , SFW, SIS - will be following up with them via email. They will invite me to an event in the fall","Safer from Wildfires, Sustainable Insurance Strategy ",City,1,96160,Durriya,Syed,Truckee Fire Protection District,96160,,
,"July 9, 2026, 10:15 AM PDT",Meeting,"Cascade runs a Senior apt complex and have a lobby to share Senior Gateway , informing Seniors and CLCA cards","CLCA, Senior",Other,1,96161,Durriya,Syed,Cascade Management Services,96161,,
,"July 9, 2026, 10:00 AM PDT",Virtual Meeting,Meeting with Callie. Provided updated SIS presentation and discuss in person presentation.,Sustainable Insurance Strategy ,City,1,92549,Andrea,Valdes,Mountain Communities FSC,92549,,
,"July 9, 2026, 8:05 AM PDT",Meeting,Shared a folder with all the Community Programs and 100 CLCA cards - will be Khatharine Miller will be following up with me.,CLCA,County,1,96150,Durriya,Syed,El Dorado County Library (South Lake Tahoe),96150,,
,"July 8, 2026, 3:30 PM PDT",Meeting,Met Isabella Ruiz - shared 100 CLCA post cards,CLCA,Other,1,95685,Durriya,Syed,College Connect,95685,,
,"July 8, 2026, 2:30 PM PDT",Meeting,Met Andrea Bowman - explained all the programs.,"Insurance Issues, CLCA, Safer from Wildfires, Sustainable Insurance Strategy , Senior",City,1,95640,Durriya,Syed,City of Ione,95640,,
,"July 8, 2026, 3:59 AM PDT",Meeting,Met Robin Ivanoff,"CLCA, Safer from Wildfires, Sustainable Insurance Strategy , Senior",City,1,95634,Durriya,Syed,Amador County Library,95634,,
,"July 7, 2026, 6:00 PM PDT",Meeting,"MCAC Members & Community Partners,  We hope you and your loved ones are doing well and staying safe as our community continues to navigate the impacts of both the recent oil spill and the Lineage Warehouse Fire.  This is a reminder that our next East LA Maravilla Community Advisory Committee meeting is scheduled for Tuesday, July 7 th at 6:00pm.  We know the community is feeling overwhelmed and frustrated. We share the same sentiment. Therefore, in addition to hearing updates from the board, our local elected offices, local law enforcement and Los Angeles County departments, including the Department of Public Works; we will also make space to address the two recent environmental emergencies in our community - the oil spill (Eastern & Cesar Chavez) and the Lineage Warehouse Fire (Indiana & Union Pacific).  We hope you are able to attend - we appreciate your continued participation and engagement. We also encourage you to invite a neighbor, friend, or family member to join us!  WHAT: East LA Maravilla Community Advisory Committee (MCAC) General Meeting  DATE: Tuesday, July 7, 2026  TIME: 6:00pm - 8:00pm  LOCATION: Our Lady of Guadalupe Church Hall  ADDRESS: 4018 E. Hammel Street, East LA, CA 90063",CDI Overview,Community Based Organization,1,90063,Estela,Felix Almeida,Maravilla Community Advisory Committee,90063,,
,"July 6, 2026, 10:00 AM PDT",Planning Meeting,"11645 Atwood Road,  Auburn, CA 95603","Emergency Preparedness, Safer from Wildfires, Sustainable Insurance Strategy ",Government Agencies,1,95603,Durriya,Syed,Calfire-Nevada- Yuba - Placer Unit,95603,38.9115,-121.08
,"June 30, 2026, 10:00 AM PDT",Virtual Presentation,Meeting and Presentation to go over resources our department provides,CDI Overview,County,2,92256,Andrea,Valdes,Tribal Family Partners,92256,,
,"June 27, 2026, 1:00 PM PDT",Presentation,Presentation on legislative updates and SIS,"Legislation, Sustainable Insurance Strategy ",Community Based Organization,55,93634,Richie,Sayavong,Huntington Lake Firewise Community; Huntington Lake Volunteer Fire Department,93634,,
74707519,"June 23, 2026, 11:25 AM PDT",Email Exchange,"Subject: Reconnecting  Hi Callie!  I know we haven't spoken in a while! I moved but I am back in the area, I'm reaching out from the California Department of Insurance to let you know that your zip code has been identified as wildfire-distressed area. I'm sure you already know this but these are communities here wildfire risk is high, insurance coverage can be harder to access, and FAIR Plan enrollment is elevated. The Department uses a statewide methodology that looks at wildfire hazard, FAIR Plan concentration, and affordability concerns to identify these ZIP codes. We would welcome the opportunity to connect with your office about outreach materials, a presentation, or a webinar to help ensure constituents have the information they need to understand their coverage options. Reaching consumers directly is essential, especially in areas facing heightened insurance challenges, and we want to support your office in providing clear, accessible guidance. If helpful, we can also tailor the discussion to the ZIP codes within your area.  Thank you!!  Andrea Valdes  Outreach Analyst  Community Relations & Outreach Branch  Cell: (213) 514-4658  CONFIDENTIALITY NOTICE: This communication may contain confidential and/or legally privileged information. It is solely for the use of the intended recipient(s). Unauthorized interception, review, use, or disclosure is prohibited and may violate applicable laws including the Electronic Communications Privacy Act. If you are not the intended recipient, please contact the sender and destroy all copies of the communication.",Sustainable Insurance Strategy ,Community Based Organization,1,92549,Andrea,Valdes,,92549,,
146941909,"June 16, 2026, 5:30 PM PDT",Virtual Presentation,"Virtual Presentation Via Zoom - Dystanie did my slides and char box.  Hi all –  We are looking forward to your presentations next Tuesday. I have attached the survey responses I received with questions in advance. I am hoping this will cut down on questions after your presentations. I will put the agenda and the zoom link below so you have it. If you could hop on a little early next Tuesday to make sure we are situated to share screens and get everything sorted that would be great. My cell phone is also below in the event you need it!  Agenda:  Assemblymember Hadwick Opens ~ 5 mins  Seren Presentation ~15 mins  Durriya Presentation ~ 15 mins  FAIR Plan Presentation ~ 15 mins  Zoom Link:  Join Zoom Meeting  https://caasm.zoom.us/j/91716946706?pwd=YW4ANDmamjcEgjchzEKMpJTEF2VA8Z.1  Meeting ID: 917 1694 6706  Passcode: 554244  Best,  Hannah  Hannah Ackley Skaggs, Chief of Staff  Assemblymember Heather Hadwick  Capitol Office at: 1021 O Street, Suite 5710 916.319.2001 (Office) | 925.784.8672 (Cell)","Homeowners, Safer from Wildfires, Sustainable Insurance Strategy , CLCA",Assembly,1,95945,Durriya,Syed,,95945,39.2081,-121.0069
108043073,"June 16, 2026, 11:30 AM PDT",Virtual Meeting,Talked to Mark Mezzano and explained the questions submitted by the office of Asm. Hardwick. Followed by an email response.,"Safer from Wildfires, Sustainable Insurance Strategy ",Assembly,1,96002,Durriya,Syed,,96002,,
60096671,"June 16, 2026, 10:31 AM PDT",Virtual Meeting,"Discussed a tabling event in Eldorado with Courtney for July 19. Attempted to coordinate with Sharon, but she is unavailable. I previously gave a presentation to them earlier this month. Planning to send the materials via mail next week.","Sustainable Insurance Strategy , Safer from Wildfires",Other,1,95667,Durriya,Syed,Fort Jim Fire Safe Council,95667,38.7195,-120.8046
146941530,"June 12, 2026, 10:30 PM PDT",Planning Meeting,"Hi all –  We are looking forward to your presentations next Tuesday. I have attached the survey responses I received with questions in advance. I am hoping this will cut down on questions after your presentations. I will put the agenda and the zoom link below so you have it. If you could hop on a little early next Tuesday to make sure we are situated to share screens and get everything sorted that would be great. My cell phone is also below in the event you need it!  Agenda:  Assemblymember Hadwick Opens ~ 5 mins  Seren Presentation ~15 mins  Durriya Presentation ~ 15 mins  FAIR Plan Presentation ~ 15 mins  Zoom Link:  Join Zoom Meeting  https://caasm.zoom.us/j/91716946706?pwd=YW4ANDmamjcEgjchzEKMpJTEF2VA8Z.1  Meeting ID: 917 1694 6706  Passcode: 554244  Best,  Hannah  Hannah Ackley Skaggs, Chief of Staff  Assemblymember Heather Hadwick  Capitol Office at: 1021 O Street, Suite 5710 916.319.2001 (Office) | 925.784.8672 (Cell)","Safer from Wildfires, Sustainable Insurance Strategy , Homeowners, Emergency Preparedness",Assembly,1,96002,Durriya,Syed,,96002,,
,"June 12, 2026, 8:00 AM PDT",Sent/ Delivered Materials,"Mailed 100 SFW, 100 Top ten tips and 100 SIS","Safer from Wildfires, Sustainable Insurance Strategy ",Other,1,96161,Durriya,Syed,Lahontan Community Association,96161,,
138233858,"June 11, 2026, 12:00 PM PDT",Presentation,,"CLCA, Safer from Wildfires, Sustainable Insurance Strategy , Homeowners",Other,81,95310,Durriya,Syed,BIG SIR (Sons In Retirement) Branch 77,95310,,
100194439,"June 8, 2026, 10:00 AM PDT",Meeting,Meeting for update on SIS,Sustainable Insurance Strategy ,Community Based Organization,1,93940,Richie,Sayavong,,93940,36.5802,-121.8443
69511169,"June 6, 2026, 10:30 AM PDT",Presentation,,"Sustainable Insurance Strategy , Safer from Wildfires, Legislation, Insurance Issues",Community Based Organization,1,95945,Durriya,Syed,Orchard Springs Firewise,95945,39.2081,-121.0069
,"June 4, 2026, 4:08 PM PDT",Virtual Meeting,"Greg Aiken, Lahontan Community Association 12277 Soaring Way STE. 206 Truckee, CA 96161  He requested participation on June 19 - no one is available so Durriya will be sending the materials for the table.","Safer from Wildfires, Sustainable Insurance Strategy ",Other,1,96161,Durriya,Syed,Lahontan Community Association,96161,,
,"June 1, 2026, 3:30 PM PDT",Presentation,SS- Leg Update w/ City of Fairfax,"Legislation, Sustainable Insurance Strategy , Insurance Issues",City,3,94930,Sharon,Smith,"Fairfax, California",94930,37.9883,-122.5937
,"May 20, 2026, 6:00 PM PDT",Virtual Meeting,SS-Larkspur City Council Public Comment Virtual (Public),"Legislation, Sustainable Insurance Strategy ",City,20,94939,Sharon,Smith,Larkspur City Council,94939,37.9367,-122.5362
,"May 20, 2026, 12:00 PM PDT",Networking Event,SS- Novato Senior Health & Resource Fair (Public),"Legislation, Sustainable Insurance Strategy ",Community Based Organization,25,94945,Sharon,Smith,"Novato, California",94945,38.1163,-122.5714
,"May 19, 2026, 9:05 PM PDT",Presentation,"Presented a five minute public commitment and support of the wildfire legislation packet, currently being considered by the state legislator",Legislation,City,1,91008,Dystanie,Flores,Bradbury City Council,91008,,
145660958,"May 16, 2026, 1:00 PM PDT",Meeting,Meeting with Valerie to discuss potential CDI partnership for future events,"CDI Overview, Partnership Initiative",Community Based Organization,1,93621,Richie,Sayavong,,93621,36.7446,-119.0899
125551331,"May 16, 2026, 11:35 AM PDT",Meeting,Shared flyers for future distribution with Diane Ross,"Homeowners, Legislation, Safer from Wildfires, Sustainable Insurance Strategy ",County,1,95762,Durriya,Syed,Serrano Fire Safe Council,95762,38.685,-121.068
59643780,"May 16, 2026, 10:37 AM PDT",Meeting,Talked to Aurora in great detail regarding all the insurance issues. She is the broker for the surplus lines and for the Fair plan.,"Homeowners, Legislation, Safer from Wildfires, Sustainable Insurance Strategy ",Other,1,95762,Durriya,Syed,California FAIR Plan,95762,38.685,-121.068
146533426,"May 16, 2026, 10:00 AM PDT",Presentation,Bill Osgood -  720-480-5078,"Insurance Issues, Safer from Wildfires, Sustainable Insurance Strategy , Legislation",County,45,95762,Durriya,Syed,SERRANO HOMEOWNERS ASSOCIATION,95762,38.685,-121.068
,"May 14, 2026, 9:00 PM PDT",Presentation,"Ventura County Coastal Association of Realtors (VCCAR), I would like to invite the Department to participate as a panelist at our 2026 Real Estate Summit on Thursday, May 14 at the Ventura Beach Marriott from 9:00 a.m. to 5:30 p.m.  One of our featured sessions will focus on wildfire prevention, home hardening strategies, and the evolving landscape of local and state policies related to wildfire resilience. As these issues continue to shape the future of housing and development in Ventura County, we are bringing together experts who can provide both practical guidance and policy insight.  The audience will include real estate professionals, community leaders, and policymakers who are deeply interested in understanding how wildfire-related challenges and regulations are impacting the housing market.","Safer from Wildfires, Sustainable Insurance Strategy ",Other,1,93001,Brenda,Caloca,Ventura County Coastal Association of REALTORS,93001,34.3308,-119.3584
,"May 14, 2026, 7:00 PM PDT",Meeting,,"Legislation, Safer from Wildfires, Sustainable Insurance Strategy , Insurance Issues",County,1,95667,Durriya,Syed,Camino Fire Safe Council,95667,38.7195,-120.8046
146533240,"May 14, 2026, 6:30 PM PDT",Meeting,He was the MC - we talked about few issues during and after the presentation,"Homeowners, Safer from Wildfires, Sustainable Insurance Strategy ",County,1,95667,Durriya,Syed,Rancho del Sol FSC,95667,38.7195,-120.8046
60096671,"May 14, 2026, 5:30 PM PDT",Presentation,,"Homeowners, Insurance Issues, Legislation, Safer from Wildfires, Senior, Sustainable Insurance Strategy ",County,55,95667,Durriya,Syed,Fort Jim Fire Safe Council,95667,38.7195,-120.8046
125551338,"May 14, 2026, 12:00 PM PDT",Presentation,"Linda Pietraczyk  Chair, Four Seasons Firewise Committee  (916) 765-1392 (cell)","CDI Overview, Emergency Preparedness, Homeowners, Insurance Issues, Safer from Wildfires, Sustainable Insurance Strategy , Legislation, Auto, CLCA",County,1,95762,Durriya,Syed,Four Seasons HOA,95762,38.685,-121.068
60096671,"May 13, 2026, 12:30 PM PDT",Planning Meeting,Presentation,"Sustainable Insurance Strategy , Safer from Wildfires, Legislation, Homeowners",Government Agencies,1,95667,Durriya,Syed,Fort Jim Fire Safe Council,95667,38.7195,-120.8046
146479544,"May 13, 2026, 10:00 AM PDT",Planning Meeting,,"Insurance Issues, Safer from Wildfires, Sustainable Insurance Strategy ",County,1,95762,Durriya,Syed,,95762,38.685,-121.068
146533426,"May 13, 2026, 9:13 AM PDT",Planning Meeting,,"Emergency Preparedness, Safer from Wildfires, Sustainable Insurance Strategy ",County,1,95762,Durriya,Syed,,95762,38.685,-121.068
,"May 12, 2026, 6:30 PM PDT",Virtual Presentation,Provide public comment on legislative updates during city council meeting,Legislation,City,1,93930,Richie,Sayavong,"King City, California",93930,36.2028,-121.1273
,"May 12, 2026, 4:30 PM PDT",Presentation,Provided public comment during city council meeting for legislative updates,Legislation,City,1,93610,Richie,Sayavong,"Chowchilla, California",93610,37.1014,-120.2691
146562767,"May 8, 2026, 11:00 AM PDT",Sent/ Delivered Materials,,CLCA,City,1,95661,Ricardo,Ortiz,,95661,38.7346,-121.234
145595847,"May 5, 2026, 11:00 AM PDT",Meeting,This is a workforce center for all ages in Roseville. They had some CLCA postcards but took more (100) and 50 Senioer Gateway postcards. She will call me to present to their groups.,"CLCA, Senior",Government Agencies,1,95661,Durriya,Syed,Golden Sierra,95661,38.7346,-121.234
146533426,"May 4, 2026, 11:00 AM PDT",Virtual Meeting,"Hi Durriya,  I hope you’re doing well.  Below are the key d epartment of insurance related topics Serrano homeowners are most interested in.  * Safer from Wildfires regulation (status, requirements, and homeowner impact)  * Drivers of premium increases (reinsurance, inflation, forward-looking CAT models)  * How insurers make coverage and pricing decisions:  * Wildfire risk scores (property-level)  * Catastrophe model loss estimates (portfolio-level)  * Why wildfire mitigation discounts remain relatively low  * What homeowners can expect going forward  We’ve allotted 30 minutes total for your introduction, presentation, and Q&A.  If possible, could you please send your slides by Monday, May 11?  We’re really looking forward to your presentation.  Also, for your awareness, Aurora Mullett, Managing Director of Sky Insurance Brokers in Roseville, will follow your session after a short break. We’ve asked her to focus on practical steps homeowners can take—especially when facing non-renewals or significant premium increases.  Please let me know if you have any questions.  Best regards,  Bill","Homeowners, Safer from Wildfires, Sustainable Insurance Strategy , Legislation",Government Agencies,1,95762,Durriya,Syed,,95762,38.685,-121.068
147419042,"May 4, 2026, 10:47 AM PDT",Sent/ Delivered Materials,,CLCA,County,1,95685,Ricardo,Ortiz,Amador Department of Social Services,95685,,
145629711,"May 2, 2026, 11:00 PM PDT",Meeting,"Talked to Aaron Owen VP for Rotary. Will email him the info about Homeowner's insurance, CLCA and SG. He is planning to invite me as a speaker.","CLCA, CDI Overview, Homeowners, Legislation, Senior, Safer from Wildfires, Sustainable Insurance Strategy ",Community Based Organization,1,95765,Durriya,Syed,South Placer Rotary,95765,38.8136,-121.2677
,"May 2, 2026, 12:00 PM PDT",Meeting,Need to email SG and CLCA electronically so they can put in their Newsletter,"CLCA, Senior",County,1,95603,Durriya,Syed,Placer county Library Auburn,95603,38.9115,-121.08
,"May 2, 2026, 10:30 AM PDT",Meeting,Shared CLCA and SG. They offered to put it on their bulletin board.,"CLCA, Senior",Other,1,95765,Durriya,Syed,Save Mart,95765,38.8136,-121.2677
69511169,"April 26, 2026, 10:14 AM PDT",Phone Call,For clarification for the June 6 Event,"Legislation, Insurance Issues, Homeowners, Safer from Wildfires, Senior, Sustainable Insurance Strategy ",Community Based Organization,1,95945,Durriya,Syed,,95945,39.2081,-121.0069
,"April 24, 2026, 10:00 AM PDT",Planning Meeting,Planning meeting to discuss upcoming webinar on May 28th for Santa Cruz County,"Legislation, Sustainable Insurance Strategy ",County,1,95060,Richie,Sayavong,"Santa Cruz County, California",95060,37.0313,-122.1198
144810780,"April 22, 2026, 2:43 PM PDT",Meeting,Shared CDI programs - she was really interested. Will ask the respective Outreach Laision to send a follow up email.,"CLCA, Homeowners, Insurance Issues, Legislation, Safer from Wildfires, Senior, Sustainable Insurance Strategy ",City,1,90265,Durriya,Syed,City of Malibu,90265,34.0402,-118.7351
,"April 22, 2026, 2:30 PM PDT",Meeting,Shared info. I will send an email.,"CLCA, Emergency Preparedness, Homeowners, Insurance Issues, Legislation, Safer from Wildfires, Senior, Sustainable Insurance Strategy ",City,1,95540,Durriya,Syed,"Fortuna, California",95540,40.5835,-124.1473
142943119,"March 26, 2026, 3:21 PM PDT",Email Exchange,CDI introduction and discussion of potential partnership and presentations,"CDI Overview, CLCA, Teen Driving",Other,1,93605,Richie,Sayavong,,93605,,
,"March 11, 2026, 1:00 PM PDT",Meeting,Met with Sierra Resource Conservation District discussing CDI's legislative package,Legislation,Community Based Organization,1,93614,Richie,Sayavong,Sierra Resource Conservation District,93614,37.2214,-119.7455
,"February 26, 2026, 1:00 PM PST",Presentation,"2037 W Cleveland Ave  Madera, CA 93637",CLCA,Other,1,93637,Richie,Sayavong,Workforce Development Board of Madera County,93637,36.9403,-120.082
140969145,"February 26, 2026, 11:30 AM PST",Virtual Presentation,Legislative Brief,"CLCA, Senior, Safer from Wildfires, Sustainable Insurance Strategy ",County,1,95603,Durriya,Syed,Placer County,95603,38.9115,-121.08
140976439,"February 26, 2026, 10:30 AM PST",Meeting,Virtual,Legislation,Congress,1,95060,Richie,Sayavong,,95060,37.0313,-122.1198
,"February 24, 2026, 10:00 AM PST",Presentation,"Presented CLCA and talked about CDI services, workers were being laid off from Ardagh Group",CLCA,Other,1,93637,Richie,Sayavong,Workforce Development Board of Madera County,93637,36.9403,-120.082
55491852,"February 23, 2026, 3:00 PM PST",Virtual Presentation,Shared Legislative update - she will share it with the Supervisor and will put it in the news letter. Also sent a follow up email on 2/24 with the fact sheet and other links.,"CLCA, CDI Overview, Legislation, Safer from Wildfires, Sustainable Insurance Strategy , Senior",County,1,95603,Durriya,Syed,Placer County,95603,38.9115,-121.08
,"February 18, 2026, 2:00 PM PST",Presentation,Presented CLCA and CDI services for Ardagh Group employees that have been laid off,CLCA,Other,26,93637,Richie,Sayavong,Workforce Development Board of Madera County,93637,36.9403,-120.082
,"February 17, 2026, 9:00 AM PST",Meeting,Met with Councilmember Garcia to discuss legislative package for CDI as well as future collaboration on events.,"Legislation, Insurance Issues",City,1,93955,Richie,Sayavong,,93955,36.6217,-121.7935
,"February 13, 2026, 1:30 PM PST",Meeting,Met with Supervisor Poythress to discuss legislative package for CDI as well as future collaboration on events.,"Insurance Issues, Legislation",County,1,93637,Richie,Sayavong,,93637,36.9403,-120.082
80323503,"January 30, 2026, 2:00 PM PST",Virtual Presentation,"Prep for meeting in March - we talked for a while, exchanging insurance concerns","Safer from Wildfires, Sustainable Insurance Strategy , Insurance Issues, CLCA",Other,1,95747,Durriya,Syed,Sun City Roseville Democrats Club,95747,38.7703,-121.3372
138947717,"January 28, 2026, 11:24 AM PST",Sent/ Delivered Materials,,CLCA,Community Based Organization,1,95619,Amy,Nungaray,,95619,38.6865,-120.8145
62440634; 141140463,"January 28, 2026, 9:00 AM PST",Tabling/ Resource Booth,"LGBTQ Procurement Forum  January 28, 2026 - 10:00 AM – 3:00 PM  Resource table staffed by Chandara Phanachone and An Kim. Chandara also participated in ""How to Do Business with the State"" panel with CalOSBA (Jamie Winters) and DGS (Jon Gaskell).",CDI Overview,Community Based Organization,100,90046,Cdi,Oidi,California LGBTQ Chamber of Commerce,90046,,
61762705,"January 24, 2026, 2:30 PM PST",Networking Event,,Senior,Other,1,95747,Durriya,Syed,,95747,38.7703,-121.3372
,"January 7, 2026, 5:17 PM PST",Networking Event,"Palisades Fire Commemoration: Finding Strength in Community  Time: 4 to 6PM  Location: Malibu City Hall  The commemoration event will include a formal program from 4 to 5:30 p.m. featuring a native Chumash blessing and a moment of silence for three Malibu community members who lost their lives in the fire. Malibu Poet Laurate Charlotte Ward will present a remembrance poem written for the occasion. A reception will follow with light refreshments, a memorial space and an art gallery honoring first responders and community members.",CDI Overview,Government Agencies,200,90265,Brenda,Caloca,City of Malibu,90265,34.0402,-118.7351
,"August 29, 2026, 9:00 AM PDT",Tabling/ Resource Booth,"2026 Fair Schedule  (All fairs run from 9:00 a.m. to 1:00 p.m. on Saturdays. Volunteers are asked to arrive by 8:00 a.m. to support setup. SDGE event T ? shirts and sun hats will be provided at each fair while supplies last.)  Bates Nut Farm  15954 Woods Valley Rd, Valley Center, CA 92082  August 29, 2026","Insurance Issues, Sustainable Insurance Strategy ",Other,1,92082,Andrea,Valdes,SDG&E,92082,,
56749177,"August 16, 2026, 4:30 PM PDT",Meeting,"Met with David Young on August 16 at 4:30 PM with Embershield Homehardening, zip code 95667. New contact email is David@Embershieldhomehardening.com, phone number 530-952-0010, regarding Safer from Wildfires and Sustainable Insurance Strategy.","Safer from Wildfires, Sustainable Insurance Strategy ",Other,1,95667,Durriya,Syed,,95667,38.7195,-120.8046
,"August 14, 2026, 11:30 AM PDT",Presentation,SS-Marin Firewise Community Meeting,"Safer from Wildfires, CDI Overview, Insurance Issues, Sustainable Insurance Strategy , Residential",Community Based Organization,1,94941,Sharon,Smith,Fire Safe Marin,94941,,
151319631,"August 12, 2026, 2:00 PM PDT",Meeting,"Met with Kirsten Badertscher, Administrative Assistant with the City of Rocklin Fire Department at 4060 Rocklin Road, Rocklin, CA 95677. Phone number: 916-625-5300. Zip code: 95677.","Sustainable Insurance Strategy , Safer from Wildfires, Emergency Preparedness",City,1,95677,Durriya,Syed,,95677,38.8136,-121.2677
,"August 12, 2026, 12:40 PM PDT",Sent/ Delivered Materials,"Delivered 100 CLCA postcards to the Pride Center Office at Sierra College.  (916) 660-7550 at 12:40 PM on August 12, 5100 Rocklin Rd.",CLCA,Government Agencies,1,95667,Durriya,Syed,Sierra Community College - Pride Center,95667,38.7195,-120.8046
,"August 12, 2026, 12:20 PM PDT",Meeting,"Delivered 100 CLCA postcards to the Basic Needs Center Office at Sierra College at 12:20 PM on August 12, 5100 Rocklin Rd. Met with Karina; they are moving, so they do not have a place for a poster. BasicNeeds@SierraCollege.edu",CLCA,Government Agencies,1,95677,Durriya,Syed,Sierra Community College,95677,38.8136,-121.2677
,"August 11, 2026, 12:34 PM PDT",Meeting,"Met with Janine, discussed SIS, Safer from wildfires and current insurance market. I offered to drop off materials to the Ramona County Library.","CDI Overview, Homeowners, Safer from Wildfires, Sustainable Insurance Strategy ",Community Based Organization,1,92065,Yolanda,Diaz,Ramona West End Fire Safe Council,92065,,
151355319,"August 10, 2026, 11:30 AM PDT",Meeting,"Met with Kay Daly at 11:30 on August 10 regarding CLCA, zip code 95661. New contact. Issue: District 3. Materials: yes.",CLCA,Community Based Organization,1,95661,Durriya,Syed,,95661,38.7346,-121.234
,"August 4, 2026, 7:50 PM PDT",Meeting,Went for NNO - they will call me for a presentation,"CLCA, CDI Overview",Assembly,1,95747,Durriya,Syed,Kiwanis Club of Roseville,95747,38.7703,-121.3372
,"August 4, 2026, 7:10 PM PDT",Meeting,"Met with Kids First at Kids First Counseling, 516 Gibson Drive STE 100, Roseville, CA 95678. Ofa Enesa, Case Manager, will reach out to speak at their meeting. Zip code 95678 on August 4 at 7:10 PM.",CLCA,Community Based Organization,1,95678,Durriya,Syed,Kids First,95678,38.752449999999996,-121.28559999999999
56736153,"August 4, 2026, 6:00 PM PDT",Meeting,"Met City of Rocklin Fire Department at 6:00 PM on August 4 at 4060 Rocklin Rd, Rocklin, CA 95677. Phone: 916-625-5300. Will drop materials at their office.",Emergency Preparedness,City,1,95677,Durriya,Syed,,95677,38.8136,-121.2677
,"August 4, 2026, 7:20 AM PDT",Sent/ Delivered Materials,"Police of City of Rocklin gave 100 CLCA cards to Officer Jensen with City of Rocklin Police on August 4 at 7:20 at City of Rocklin Memorial Park, zipcode 95677.",CLCA,City,1,95677,Durriya,Syed,Rocklin Police Department,95677,38.8136,-121.2677
57806130; 58327761,"August 3, 2026, 10:00 AM PDT",Tabling/ Resource Booth,"Tabled for Congressman Kiley's Office ROCKLIN EVENT CENTER; 2650 Sunset Blvd; Rocklin, CA 95677","CLCA, Emergency Preparedness",Congress,1,95677,Durriya,Syed,City of Rocklin Sunset Center,95677,38.8136,-121.2677
,"August 1, 2026, 9:00 AM PDT",Presentation,Presentation on SIS,Sustainable Insurance Strategy ,Community Based Organization,1,93634,Richie,Sayavong,Huntington Lake Firewise Community; Huntington Lake Volunteer Fire Department,93634,,
59553217,"July 31, 2026, 9:00 AM PDT",Sent/ Delivered Materials,"Sent 200 Home Inventory  200 SFW, 200 SIS, 200 Top Ten Tips and 50 July 15 Comnsumer Alert.","Safer from Wildfires, Sustainable Insurance Strategy , Emergency Preparedness",Community Based Organization,1,96150,Durriya,Syed,Al Tahoe Firewise USA,96150,,
66823232,"July 30, 2026, 10:16 AM PDT",Meeting,"The participant met with the San Buenaventura city manager, dropped off information from the department, and invited them to the webinar.",CDI Overview,City,1,93001,Zuleimy,Delgadillo,,93001,34.3308,-119.3584
,"July 28, 2026, 10:00 PM PDT",Meeting,Senior Coordinator will reach out to us.,"CLCA, Auto, Senior",County,1,95661,Durriya,Syed,Maidu Senior Center,95661,38.7346,-121.234
150925302,"July 28, 2026, 9:30 PM PDT",Meeting,"Met with Erin Godtfredsen, Business and Employment Specialist II regarding CLCA - an option for low to moderate income.  Golden Sierra Job Training Agency 115 Ascot Drive, Suite 100, Roseville, CA 95661  Mobile: (916) 664-0699 Fax: (916) 771-2144  Facebook | LinkedIn | Instagram Golden Sierra is an equal opportunity employer/program.",CLCA,Government Agencies,1,95661,Durriya,Syed,,95661,38.7346,-121.234
,"July 28, 2026, 10:20 AM PDT",Meeting,"Shaing Informing Seniors, but will get approval for CLCA","CLCA, Senior",City,1,95661,Durriya,Syed,Roseville Public Library - Maidu Branch,95661,38.7346,-121.234
146941530,"July 27, 2026, 3:37 PM PDT",Phone Call,Talked to her about her question and promised her a response by tomorrow,Homeowners,Assembly,1,95642,Durriya,Syed,,95642,,
,"July 15, 2026, 4:55 PM PDT",Virtual Meeting,"Explained her about our programs and the appt to the board. Will send a follow up email.  Emilie Taylor  District Representative  Office of Senator Roger Niello, 6 th District  (916) 772-0571","Business, Insurance Issues, Safer from Wildfires, Sustainable Insurance Strategy ",State Senate,1,95661,Durriya,Syed,,95661,38.7346,-121.234
61773092,"July 15, 2026, 4:55 PM PDT",Virtual Meeting,Talked to her about the appointment and our other programs,"Business, Safer from Wildfires, Insurance Issues",Assembly,1,95661,Durriya,Syed,,95661,38.7346,-121.234
150890400,"July 11, 2026, 12:00 PM PDT",Meeting,"Talked to Donna and assisted her in providing resources in reaching out to get her insurance renewed. We exchanged few emails - she is all set now.  Donna Brazil  Director of Operations & Member Services  Lake Wildwood Association  Phone: (530) 432-1152, x2013  Email: donnab@lwwa.org  11255 Cottontail Way,  Penn Valley, CA 95946  https://www.lwwa.org/  To achieve our vision and mission, we value respect, integrity, and fairness.","Safer from Wildfires, Sustainable Insurance Strategy , Insurance Issues, Homeowners",Other,1,95947,Durriya,Syed,,95947,,
146941909,"June 16, 2026, 5:30 PM PDT",Virtual Presentation,"Virtual Presentation Via Zoom - Dystanie did my slides and char box.  Hi all   We are looking forward to your presentations next Tuesday. I have attached the survey responses I received with questions in advance. I am hoping this will cut down on questions after your presentations. I will put the agenda and the zoom link below so you have it. If you could hop on a little early next Tuesday to make sure we are situated to share screens and get everything sorted that would be great. My cell phone is also below in the event you need it!  Agenda:  Assemblymember Hadwick Opens ~ 5 mins  Seren Presentation ~15 mins  Durriya Presentation ~ 15 mins  FAIR Plan Presentation ~ 15 mins  Zoom Link:  Join Zoom Meeting  https://caasm.zoom.us/j/91716946706?pwd=YW4ANDmamjcEgjchzEKMpJTEF2VA8Z.1  Meeting ID: 917 1694 6706  Passcode: 554244  Best,  Hannah  Hannah Ackley Skaggs, Chief of Staff  Assemblymember Heather Hadwick  Capitol Office at: 1021 O Street, Suite 5710 916.319.2001 (Office) | 925.784.8672 (Cell)","Homeowners, Safer from Wildfires, Sustainable Insurance Strategy , CLCA",Assembly,1,95945,Durriya,Syed,,95945,39.2081,-121.0069
146941530,"June 12, 2026, 10:30 PM PDT",Planning Meeting,"Hi all   We are looking forward to your presentations next Tuesday. I have attached the survey responses I received with questions in advance. I am hoping this will cut down on questions after your presentations. I will put the agenda and the zoom link below so you have it. If you could hop on a little early next Tuesday to make sure we are situated to share screens and get everything sorted that would be great. My cell phone is also below in the event you need it!  Agenda:  Assemblymember Hadwick Opens ~ 5 mins  Seren Presentation ~15 mins  Durriya Presentation ~ 15 mins  FAIR Plan Presentation ~ 15 mins  Zoom Link:  Join Zoom Meeting  https://caasm.zoom.us/j/91716946706?pwd=YW4ANDmamjcEgjchzEKMpJTEF2VA8Z.1  Meeting ID: 917 1694 6706  Passcode: 554244  Best,  Hannah  Hannah Ackley Skaggs, Chief of Staff  Assemblymember Heather Hadwick  Capitol Office at: 1021 O Street, Suite 5710 916.319.2001 (Office) | 925.784.8672 (Cell)","Safer from Wildfires, Sustainable Insurance Strategy , Homeowners, Emergency Preparedness",Assembly,1,96002,Durriya,Syed,,96002,,
146533426,"May 4, 2026, 11:00 AM PDT",Virtual Meeting,"Hi Durriya,  I hope youre doing well.  Below are the key d epartment of insurance related topics Serrano homeowners are most interested in.  * Safer from Wildfires regulation (status, requirements, and homeowner impact)  * Drivers of premium increases (reinsurance, inflation, forward-looking CAT models)  * How insurers make coverage and pricing decisions:  * Wildfire risk scores (property-level)  * Catastrophe model loss estimates (portfolio-level)  * Why wildfire mitigation discounts remain relatively low  * What homeowners can expect going forward  Weve allotted 30 minutes total for your introduction, presentation, and Q&A.  If possible, could you please send your slides by Monday, May 11?  Were really looking forward to your presentation.  Also, for your awareness, Aurora Mullett, Managing Director of Sky Insurance Brokers in Roseville, will follow your session after a short break. Weve asked her to focus on practical steps homeowners can takeespecially when facing non-renewals or significant premium increases.  Please let me know if you have any questions.  Best regards,  Bill","Homeowners, Safer from Wildfires, Sustainable Insurance Strategy , Legislation",Government Agencies,1,95762,Durriya,Syed,,95762,38.685,-121.068
62440634; 141140463,"January 28, 2026, 9:00 AM PST",Tabling/ Resource Booth,"LGBTQ Procurement Forum  January 28, 2026 - 10:00 AM  3:00 PM  Resource table staffed by Chandara Phanachone and An Kim. Chandara was a guest speaker on the ""How to Do Business with the State"" panel with the CA Office of Small Business Advocate (Jamie Winters) and CA Department of General Services (Jon Gaskell).",CDI Overview,Community Based Organization,100,90046,Cdi,Oidi,California LGBTQ Chamber of Commerce,90046,,
